offset(byte),name(의미),size(bytes),설명,JSON 변환 이름의 의미,,,,,,,,
0,sequence counter,2 ,Sequence Counter(1~65535),일련번호,,,,,,,,
2,년(YY),1 ,(BCD) 00~99,시간정보,,,,,,,,
3,월(MM),1 ,(BCD) 01~12,시간정보,,,,,,,,
4,일(DD),1 ,(BCD) 01~31,시간정보,,,,,,,,
5,시(hh),1 ,(BCD) 00~23,시간정보,,,,,,,,
6,분(mm),1 ,(BCD) 00~59,시간정보,,,,,,,,
7,초(ss),1 ,(BCD) 00~59,시간정보,,,,,,,,
8,speed,2 ,속도(0~255Km/h) /  Big Endian,속도,,,,,,,,
10,atc_target_speed,2 ,ATC 목표 속도(0~255Km/h) / Big Endian,ATC 목표속도,,,,,,,,
12,inter_acc_distance,2 ,역간 적산 거리(5m/bit),역간 적산 거리,,,,,,,,
14,atc_code,1 ,,ATC 코드,,,,,,,,
15,ats_code,1 ,,ATS 코드,,,,,,,,
16,atc_ats_mode,1 ,bit0(ATC모드) bit1(ATS모드) bit2(ATC이중계활성화) bit6(stop_proceed_mdoe) bit7(yard_mode),ATC ATS 플래그,,,,,,,,
17,고장 상하선 정보,1 ,bit0(고장Clear) bit1(고장Set) bit6(하선정보) bit7(상선정보),고장 상하선 정보 플래그,,,,,,,,
18,car_No_special,1 ,"[ASCII] [CONCAT] 아스키 문자 매핑 (예: 75 -> K)",열차 ID,,,,,,,,
19,열차 번호(XXXX),2 ,"[BCD] [CONCAT] BCD포맷 4자리 숫자",열차 ID,,,,,,,,
21,예비,1 ,,열차 ID,,,,,,,,
22,다음역 코드,1 ,,다음역 코드,,,,,,,,
23,종착역 코드,1 ,,종착역 코드,,,,,,,,
24,1호차 AC 가선 전압,2 ,"Big Endian / AC 가선 전압(VE) / (0 ~ 30,000Vrms)",호차별 AC 가선 전압,,,,,,,,
26,2호차 AC 가선 전압,2 ,"Big Endian / AC 가선 전압(VE) / (0 ~ 30,000Vrms)",호차별 AC 가선 전압,,,,,,,,
28,4호차 AC 가선 전압,2 ,"Big Endian / AC 가선 전압(VE) / (0 ~ 30,000Vrms)",호차별 AC 가선 전압,,,,,,,,
30,7호차 AC 가선 전압,2 ,"Big Endian / AC 가선 전압(VE) / (0 ~ 30,000Vrms)",호차별 AC 가선 전압,,,,,,,,
32,8호차 AC 가선 전압,2 ,"Big Endian / AC 가선 전압(VE) / (0 ~ 30,000Vrms)",호차별 AC 가선 전압,,,,,,,,
34,1호차 DC 가선 전압,2 ,"Big Endian / DC 가선 전압(VE) / (0 ~ 2,500V)",호차별 AC 가선 전압,,,,,,,,
36,2호차 DC 가선 전압,2 ,"Big Endian / DC 가선 전압(VE) / (0 ~ 2,500V)",호차별 AC 가선 전압,,,,,,,,
38,4호차 DC 가선 전압,2 ,"Big Endian / DC 가선 전압(VE) / (0 ~ 2,500V)",호차별 AC 가선 전압,,,,,,,,
40,7호차 DC 가선 전압,2 ,"Big Endian / DC 가선 전압(VE) / (0 ~ 2,500V)",호차별 AC 가선 전압,,,,,,,,
42,8호차 DC 가선 전압,2 ,"Big Endian / DC 가선 전압(VE) / (0 ~ 2,500V)",호차별 AC 가선 전압,,,,,,,,
44,역행,1 ,역행(0~100%),역행율,,,,,,,,
45,제동,1 ,제동(0~100%),제동률,,,,,,,,
46,0호차 탑승률(0~200%/0x00~0xC8),1 ,0호차 탑승률(0~200%/0x00~0xC8),탑승률,,,,,,,,
47,1호차 탑승률(0~200%/0x00~0xC8),1 ,1호차 탑승률(0~200%/0x00~0xC8),탑승률,,,,,,,,
48,2호차 탑승률(0~200%/0x00~0xC8),1 ,2호차 탑승률(0~200%/0x00~0xC8),탑승률,,,,,,,,
49,3호차 탑승률(0~200%/0x00~0xC8),1 ,3호차 탑승률(0~200%/0x00~0xC8),탑승률,,,,,,,,
50,4호차 탑승률(0~200%/0x00~0xC8),1 ,4호차 탑승률(0~200%/0x00~0xC8),탑승률,,,,,,,,
51,5호차 탑승률(0~200%/0x00~0xC8),1 ,5호차 탑승률(0~200%/0x00~0xC8),탑승률,,,,,,,,
52,6호차 탑승률(0~200%/0x00~0xC8),1 ,6호차 탑승률(0~200%/0x00~0xC8),탑승률,,,,,,,,
53,7호차 탑승률(0~200%/0x00~0xC8),1 ,7호차 탑승률(0~200%/0x00~0xC8),탑승률,,,,,,,,
54,8호차 탑승률(0~200%/0x00~0xC8),1 ,8호차 탑승률(0~200%/0x00~0xC8),탑승률,,,,,,,,
55,9호차 탑승률(0~200%/0x00~0xC8),1 ,9호차 탑승률(0~200%/0x00~0xC8),탑승률,,,,,,,,
56,HCR_TCR_Master,1 ,bit0(0호차 HCR) bit1(9호차HCR) bit2(0호차 TCR) bit3(9호차 TCR) bit4(Master ID),HCR TCR 플래그,,,,,,,,
57,제동관련,1 ,bit0(데드맨 멀티부저) bit1(ATS ATC절연구간 검지) bit2(ScBS) bit3(PAR) bit5(EBR1) bit6(EBR2),제동관련 플래그,,,,,,,,
58,화재감지,2 ,bit0(0호차) ~ bit9(9호차),호차별 화재감지,,,,,,,,
60,1번 비상 인터폰 감지,2 ,bit0(0호차) ~ bit9(9호차),호차별 비상 인터폰,,,,,,,,
62,2번 비상 인터폰 감지,2 ,bit0(0호차) ~ bit9(9호차),호차별 비상 인터폰,,,,,,,,
64,예비,1 ,,,,,,,,,,
65,마스콘(검수모드)_CI상태관련,1 ,bit0(0호차마스콘투입) bit1(9호차 마스콘투입) bit2(0호차 검수모드) bit3(9호차 검수모드) bit4(0호차 ADS AC) bit5(0호차 ADS DC)  bit6(9호차 ADS AC) bit7(9호차 ADS DC),마스콘 AC DC 플래그,,,,,,,,
66,0호차 비상구원스위치 취급,1 ,bit0(EBCOS) bit2(EROS14_L0) bit3(EROS12_R) bit4(비상구원스위치_EO) bit5(MSP11_EB),비상구원스위치 취급,,,,,,,,
67,9호차 비상구원스위치 취급,1 ,bit0(EBCOS) bit2(EROS14_L0) bit3(EROS12_R) bit4(비상구원스위치_EO) bit5(MSP11_EB),비상구원스위치 취급,,,,,,,,
68,역전기마스콘위치_DSD_ZVR_SPARE,1 ,bit0(역전기후진위치) bit1(역전기전진위치) bit2(마스콘제동위치) bit3(마스콘역행위치) bit4(역행가능) bit5(DSD)  bit6(ZVR) bit7(SPARE),역전기마스콘위치_DSD_ZVR_SPARE,,,,,,,,
69,판토_DBS_가선상태,1 ,bit0(2호차판토) bit1(4호차판토) bit2(8호차판토)  bit4(0호차DBS) bit5(9호차DBS)  bit6(가선상태_AC) bit7(가선상태_DC),판토_DBS_가선상태,,,,,,,,
70,예비,1 ,,,,,,,,,,
71,0호차 DCU 열림,1 ,bit0(DCU1) ~ bit1(DCU8),호차별 DCU 열림,,,,,,,,
72,0호차 DCU Bypass,1 ,bit0(DCU1) ~ bit1(DCU8),호차별 DCU Bypass,,,,,,,,
73,0호차 DCU 내부비상 핸들,1 ,bit0(DCU1) ~ bit1(DCU8),호차별 DCU 내부비상 핸들,,,,,,,,
74,0호차 DCU 외부비상 핸들 ,1 ,bit0(DCU1) ~ bit1(DCU8),호차별 DCU 외부비상 핸들,,,,,,,,
75,0호차 DCU 고장,1 ,bit0(DCU1) ~ bit1(DCU8),호차별 DCU 고장,,,,,,,,
76,0호차 DCU 도어 잠김 신호,1 ,bit0(DCU1) ~ bit1(DCU8),호차별 DCU 도어 잠김 신호,,,,,,,,
77,1호차 DCU 열림,1 ,bit0(DCU1) ~ bit1(DCU8),호차별 DCU 열림,,,,,,,,
78,1호차 DCU Bypass,1 ,bit0(DCU1) ~ bit1(DCU8),호차별 DCU Bypass,,,,,,,,
79,1호차 DCU 내부비상 핸들,1 ,bit0(DCU1) ~ bit1(DCU8),호차별 DCU 내부비상 핸들,,,,,,,,
80,1호차 DCU 외부비상 핸들 ,1 ,bit0(DCU1) ~ bit1(DCU8),호차별 DCU 외부비상 핸들,,,,,,,,
81,1호차 DCU 고장,1 ,bit0(DCU1) ~ bit1(DCU8),호차별 DCU 고장,,,,,,,,
82,1호차 DCU 도어 잠김 신호,1 ,bit0(DCU1) ~ bit1(DCU8),호차별 DCU 도어 잠김 신호,,,,,,,,
83,2호차 DCU 열림,1 ,bit0(DCU1) ~ bit1(DCU8),호차별 DCU 열림,,,,,,,,
84,2호차 DCU Bypass,1 ,bit0(DCU1) ~ bit1(DCU8),호차별 DCU Bypass,,,,,,,,
85,2호차 DCU 내부비상 핸들,1 ,bit0(DCU1) ~ bit1(DCU8),호차별 DCU 내부비상 핸들,,,,,,,,
86,2호차 DCU 외부비상 핸들 ,1 ,bit0(DCU1) ~ bit1(DCU8),호차별 DCU 외부비상 핸들,,,,,,,,
87,2호차 DCU 고장,1 ,bit0(DCU1) ~ bit1(DCU8),호차별 DCU 고장,,,,,,,,
88,2호차 DCU 도어 잠김 신호,1 ,bit0(DCU1) ~ bit1(DCU8),호차별 DCU 도어 잠김 신호,,,,,,,,
89,3호차 DCU 열림,1 ,bit0(DCU1) ~ bit1(DCU8),호차별 DCU 열림,,,,,,,,
90,3호차 DCU Bypass,1 ,bit0(DCU1) ~ bit1(DCU8),호차별 DCU Bypass,,,,,,,,
91,3호차 DCU 내부비상 핸들,1 ,bit0(DCU1) ~ bit1(DCU8),호차별 DCU 내부비상 핸들,,,,,,,,
92,3호차 DCU 외부비상 핸들 ,1 ,bit0(DCU1) ~ bit1(DCU8),호차별 DCU 외부비상 핸들,,,,,,,,
93,3호차 DCU 고장,1 ,bit0(DCU1) ~ bit1(DCU8),호차별 DCU 고장,,,,,,,,
94,3호차 DCU 도어 잠김 신호,1 ,bit0(DCU1) ~ bit1(DCU8),호차별 DCU 도어 잠김 신호,,,,,,,,
95,4호차 DCU 열림,1 ,bit0(DCU1) ~ bit1(DCU8),호차별 DCU 열림,,,,,,,,
96,4호차 DCU Bypass,1 ,bit0(DCU1) ~ bit1(DCU8),호차별 DCU Bypass,,,,,,,,
97,4호차 DCU 내부비상 핸들,1 ,bit0(DCU1) ~ bit1(DCU8),호차별 DCU 내부비상 핸들,,,,,,,,
98,4호차 DCU 외부비상 핸들 ,1 ,bit0(DCU1) ~ bit1(DCU8),호차별 DCU 외부비상 핸들,,,,,,,,
99,4호차 DCU 고장,1 ,bit0(DCU1) ~ bit1(DCU8),호차별 DCU 고장,,,,,,,,
100,4호차 DCU 도어 잠김 신호,1 ,bit0(DCU1) ~ bit1(DCU8),호차별 DCU 도어 잠김 신호,,,,,,,,
101,5호차 DCU 열림,1 ,bit0(DCU1) ~ bit1(DCU8),호차별 DCU 열림,,,,,,,,
102,5호차 DCU Bypass,1 ,bit0(DCU1) ~ bit1(DCU8),호차별 DCU Bypass,,,,,,,,
103,5호차 DCU 내부비상 핸들,1 ,bit0(DCU1) ~ bit1(DCU8),호차별 DCU 내부비상 핸들,,,,,,,,
104,5호차 DCU 외부비상 핸들 ,1 ,bit0(DCU1) ~ bit1(DCU8),호차별 DCU 외부비상 핸들,,,,,,,,
105,5호차 DCU 고장,1 ,bit0(DCU1) ~ bit1(DCU8),호차별 DCU 고장,,,,,,,,
106,5호차 DCU 도어 잠김 신호,1 ,bit0(DCU1) ~ bit1(DCU8),호차별 DCU 도어 잠김 신호,,,,,,,,
107,6호차 DCU 열림,1 ,bit0(DCU1) ~ bit1(DCU8),호차별 DCU 열림,,,,,,,,
108,6호차 DCU Bypass,1 ,bit0(DCU1) ~ bit1(DCU8),호차별 DCU Bypass,,,,,,,,
109,6호차 DCU 내부비상 핸들,1 ,bit0(DCU1) ~ bit1(DCU8),호차별 DCU 내부비상 핸들,,,,,,,,
110,6호차 DCU 외부비상 핸들 ,1 ,bit0(DCU1) ~ bit1(DCU8),호차별 DCU 외부비상 핸들,,,,,,,,
111,6호차 DCU 고장,1 ,bit0(DCU1) ~ bit1(DCU8),호차별 DCU 고장,,,,,,,,
112,6호차 DCU 도어 잠김 신호,1 ,bit0(DCU1) ~ bit1(DCU8),호차별 DCU 도어 잠김 신호,,,,,,,,
113,7호차 DCU 열림,1 ,bit0(DCU1) ~ bit1(DCU8),호차별 DCU 열림,,,,,,,,
114,7호차 DCU Bypass,1 ,bit0(DCU1) ~ bit1(DCU8),호차별 DCU Bypass,,,,,,,,
115,7호차 DCU 내부비상 핸들,1 ,bit0(DCU1) ~ bit1(DCU8),호차별 DCU 내부비상 핸들,,,,,,,,
116,7호차 DCU 외부비상 핸들 ,1 ,bit0(DCU1) ~ bit1(DCU8),호차별 DCU 외부비상 핸들,,,,,,,,
117,7호차 DCU 고장,1 ,bit0(DCU1) ~ bit1(DCU8),호차별 DCU 고장,,,,,,,,
118,7호차 DCU 도어 잠김 신호,1 ,bit0(DCU1) ~ bit1(DCU8),호차별 DCU 도어 잠김 신호,,,,,,,,
119,8호차 DCU 열림,1 ,bit0(DCU1) ~ bit1(DCU8),호차별 DCU 열림,,,,,,,,
120,8호차 DCU Bypass,1 ,bit0(DCU1) ~ bit1(DCU8),호차별 DCU Bypass,,,,,,,,
121,8호차 DCU 내부비상 핸들,1 ,bit0(DCU1) ~ bit1(DCU8),호차별 DCU 내부비상 핸들,,,,,,,,
122,8호차 DCU 외부비상 핸들 ,1 ,bit0(DCU1) ~ bit1(DCU8),호차별 DCU 외부비상 핸들,,,,,,,,
123,8호차 DCU 고장,1 ,bit0(DCU1) ~ bit1(DCU8),호차별 DCU 고장,,,,,,,,
124,8호차 DCU 도어 잠김 신호,1 ,bit0(DCU1) ~ bit1(DCU8),호차별 DCU 도어 잠김 신호,,,,,,,,
125,9호차 DCU 열림,1 ,bit0(DCU1) ~ bit1(DCU8),호차별 DCU 열림,,,,,,,,
126,9호차 DCU Bypass,1 ,bit0(DCU1) ~ bit1(DCU8),호차별 DCU Bypass,,,,,,,,
127,9호차 DCU 내부비상 핸들,1 ,bit0(DCU1) ~ bit1(DCU8),호차별 DCU 내부비상 핸들,,,,,,,,
128,9호차 DCU 외부비상 핸들 ,1 ,bit0(DCU1) ~ bit1(DCU8),호차별 DCU 외부비상 핸들,,,,,,,,
129,9호차 DCU 고장,1 ,bit0(DCU1) ~ bit1(DCU8),호차별 DCU 고장,,,,,,,,
130,9호차 DCU 도어 잠김 신호,1 ,bit0(DCU1) ~ bit1(DCU8),호차별 DCU 도어 잠김 신호,,,,,,,,
131,MCB 고장,1 ,bit0(2호차) bit1(4호차) bit2(8호차),MCB 고장,,,,,,,,
132,MCB 차단 확인 신호,1 ,bit0(2호차) bit1(4호차) bit2(8호차),MCB 차단 확인 신호,,,,,,,,
133,MCB 투입,1 ,bit0(2호차) bit1(4호차) bit2(8호차),MCB 투입,,,,,,,,
134,SIVK 투입,1 ,bit0(0호차) bit1(5호차) bit2(9호차),SIVK 투입,,,,,,,,
135,연장급전(ESK),1 ,bit0(3호차) bit1(6호차),연장급전(ESK),,,,,,,,
136,C/I SQS모드,1 ,bit0(1호차) bit1(2호차) bit2(4호차) bit3(7호차) bit4(8호차),C/I SQS모드,,,,,,,,
137,0호차 CM,1 ,bit4(ON_CMK) bit5(BYPASS_BCMK)  bit7(CMSB CPU FAULT),0호차 CM,,,,,,,,
138,5호차 CM,1 ,bit4(ON_CMK) bit5(BYPASS_BCMK)  bit7(CMSB CPU FAULT),5호차 CM,,,,,,,,
139,9호차 CM,1 ,bit4(ON_CMK) bit5(BYPASS_BCMK)  bit7(CMSB CPU FAULT),9호차 CM,,,,,,,,
140,ACM 보조 ON,1 ,bit0(2호차) bit1(4호차) bit2(8호차),ACM 보조 ON,,,,,,,,
141,0호차 ECU HCR BC압력              ,1 ,,호차별 ECU HCR BC압력,,,,,,,,
142,0호차 ECU TCR BC압력              ,1 ,,호차별 ECU TCR BC압력,,,,,,,,
143,1호차 ECU HCR BC압력              ,1 ,,호차별 ECU HCR BC압력,,,,,,,,
144,1호차 ECU TCR BC압력              ,1 ,,호차별 ECU TCR BC압력,,,,,,,,
145,2호차 ECU HCR BC압력              ,1 ,,호차별 ECU HCR BC압력,,,,,,,,
146,2호차 ECU TCR BC압력              ,1 ,,호차별 ECU TCR BC압력,,,,,,,,
147,3호차 ECU HCR BC압력              ,1 ,,호차별 ECU HCR BC압력,,,,,,,,
148,3호차 ECU TCR BC압력              ,1 ,,호차별 ECU TCR BC압력,,,,,,,,
149,4호차 ECU HCR BC압력              ,1 ,,호차별 ECU HCR BC압력,,,,,,,,
150,4호차 ECU TCR BC압력              ,1 ,,호차별 ECU TCR BC압력,,,,,,,,
151,5호차 ECU HCR BC압력              ,1 ,,호차별 ECU HCR BC압력,,,,,,,,
152,5호차 ECU TCR BC압력              ,1 ,,호차별 ECU TCR BC압력,,,,,,,,
153,6호차 ECU HCR BC압력              ,1 ,,호차별 ECU HCR BC압력,,,,,,,,
154,6호차 ECU TCR BC압력              ,1 ,,호차별 ECU TCR BC압력,,,,,,,,
155,7호차 ECU HCR BC압력              ,1 ,,호차별 ECU HCR BC압력,,,,,,,,
156,7호차 ECU TCR BC압력              ,1 ,,호차별 ECU TCR BC압력,,,,,,,,
157,8호차 ECU HCR BC압력              ,1 ,,호차별 ECU HCR BC압력,,,,,,,,
158,8호차 ECU TCR BC압력              ,1 ,,호차별 ECU TCR BC압력,,,,,,,,
159,9호차 ECU HCR BC압력              ,1 ,,호차별 ECU HCR BC압력,,,,,,,,
160,9호차 ECU TCR BC압력              ,1 ,,호차별 ECU TCR BC압력,,,,,,,,
161,1호차 전동기 전류,2 ,,호차별 전동기 전류,,,,,,,,
163,2호차 전동기 전류,2 ,,호차별 전동기 전류,,,,,,,,
165,4호차 전동기 전류,2 ,,호차별 전동기 전류,,,,,,,,
167,7호차 전동기 전류,2 ,,호차별 전동기 전류,,,,,,,,
169,8호차 전동기 전류,2 ,,호차별 전동기 전류,,,,,,,,
171,0호차 실내 온도값,1 ,,호차별 실내 온도,,,,,,,,
172,1호차 실내 온도값,1 ,,호차별 실내 온도,,,,,,,,
173,2호차 실내 온도값,1 ,,호차별 실내 온도,,,,,,,,
174,3호차 실내 온도값,1 ,,호차별 실내 온도,,,,,,,,
175,4호차 실내 온도값,1 ,,호차별 실내 온도,,,,,,,,
176,5호차 실내 온도값,1 ,,호차별 실내 온도,,,,,,,,
177,6호차 실내 온도값,1 ,,호차별 실내 온도,,,,,,,,
178,7호차 실내 온도값,1 ,,호차별 실내 온도,,,,,,,,
179,8호차 실내 온도값,1 ,,호차별 실내 온도,,,,,,,,
180,9호차 실내 온도값,1 ,,호차별 실내 온도,,,,,,,,
181,1호차 C/I PWM 값 (%),1 ,,호차별 C/I PWM (%),,,,,,,,
182,2호차 C/I PWM 값 (%),1 ,,호차별 C/I PWM (%),,,,,,,,
183,4호차 C/I PWM 값 (%),1 ,,호차별 C/I PWM (%),,,,,,,,
184,7호차 C/I PWM 값 (%),1 ,,호차별 C/I PWM (%),,,,,,,,
185,8호차 C/I PWM 값 (%),1 ,,호차별 C/I PWM (%),,,,,,,,
186,예비,1 ,,,,,,,,,,
187,AK AC ON,1 ,bit0(1호차) bit1(2호차) bit2(4호차) bit3(7호차) bit4(8호차),호차별 AK AC,,,,,,,,
188,K1 AC ON,1 ,bit0(1호차) bit1(2호차) bit2(4호차) bit3(7호차) bit4(8호차),호차별 K1 AC,,,,,,,,
189,K2 AC ON,1 ,bit0(1호차) bit1(2호차) bit2(4호차) bit3(7호차) bit4(8호차),호차별 K2 AC,,,,,,,,
190,HB DC ON,1 ,bit0(1호차) bit1(2호차) bit2(4호차) bit3(7호차) bit4(8호차),호차별 HB DC,,,,,,,,
191,LB1 DC ON,1 ,bit0(1호차) bit1(2호차) bit2(4호차) bit3(7호차) bit4(8호차),호차별 LB1 DC,,,,,,,,
192,LB2 DC ON,1 ,bit0(1호차) bit1(2호차) bit2(4호차) bit3(7호차) bit4(8호차),호차별 LB2 DC,,,,,,,,
193,1호차 FC(V),2 ,,호차별 FC(V),,,,,,,,
195,2호차 FC(V),2 ,,호차별 FC(V),,,,,,,,
197,4호차 FC(V),2 ,,호차별 FC(V),,,,,,,,
199,7호차 FC(V),2 ,,호차별 FC(V),,,,,,,,
201,8호차 FC(V),2 ,,호차별 FC(V),,,,,,,,
203,0호차 SIV 출력전압,1 ,,호차별 SIV 출력전압,,,,,,,,
204,5호차 SIV 출력전압,1 ,,호차별 SIV 출력전압,,,,,,,,
205,9호차 SIV 출력전압,1 ,,호차별 SIV 출력전압,,,,,,,,
206,0호차 SIV 출력전류,2 ,,호차별 SIV 출력전류,,,,,,,,
208,5호차 SIV 출력전류,2 ,,호차별 SIV 출력전류,,,,,,,,
210,9호차 SIV 출력전류,2 ,,호차별 SIV 출력전류,,,,,,,,
212,0호차 SIV 주파수,1 ,,호차별 SIV 주파수,,,,,,,,
213,5호차 SIV 주파수,1 ,,호차별 SIV 주파수,,,,,,,,
214,9호차 SIV 주파수,1 ,,호차별 SIV 주파수,,,,,,,,
215,0호차 SIV AC 가선전압,1 ,,호차별 SIV AC 가선전압,,,,,,,,
216,5호차 SIV AC 가선전압,1 ,,호차별 SIV AC 가선전압,,,,,,,,
217,9호차 SIV AC 가선전압,1 ,,호차별 SIV AC 가선전압,,,,,,,,
218,0호차 SIV DC 가선전압,1 ,,호차별 SIV DC 가선전압,,,,,,,,
219,5호차 SIV DC 가선전압,1 ,,호차별 SIV DC 가선전압,,,,,,,,
220,9호차 SIV DC 가선전압,1 ,,호차별 SIV DC 가선전압,,,,,,,,
221,0호차 ECU AS압력,2 ,,호차별 ECU AS압력,,,,,,,,
223,1호차 ECU AS압력,2 ,,호차별 ECU AS압력,,,,,,,,
225,2호차 ECU AS압력,2 ,,호차별 ECU AS압력,,,,,,,,
227,3호차 ECU AS압력,2 ,,호차별 ECU AS압력,,,,,,,,
229,4호차 ECU AS압력,2 ,,호차별 ECU AS압력,,,,,,,,
231,5호차 ECU AS압력,2 ,,호차별 ECU AS압력,,,,,,,,
233,6호차 ECU AS압력,2 ,,호차별 ECU AS압력,,,,,,,,
235,7호차 ECU AS압력,2 ,,호차별 ECU AS압력,,,,,,,,
237,8호차 ECU AS압력,2 ,,호차별 ECU AS압력,,,,,,,,
239,9호차 ECU AS압력,2 ,,호차별 ECU AS압력,,,,,,,,
241,1호차 회생제동력,1 ,,호차별 회생제동력,,,,,,,,
242,2호차 회생제동력,1 ,,호차별 회생제동력,,,,,,,,
243,4호차 회생제동력,1 ,,호차별 회생제동력,,,,,,,,
244,7호차 회생제동력,1 ,,호차별 회생제동력,,,,,,,,
245,8호차 회생제동력,1 ,,호차별 회생제동력,,,,,,,,
246,BC코크1,2 ,bit0(0호차) ~ bit9(9호차),호차별 BC코크1,,,,,,,,
248,BC코크2,2 ,bit0(0호차) ~ bit9(9호차),호차별 BC코크2,,,,,,,,
250,AS코크1,2 ,bit0(0호차) ~ bit9(9호차),호차별 AS코크1,,,,,,,,
252,AS코크2,2 ,bit0(0호차) ~ bit9(9호차),호차별 AS코크2,,,,,,,,
254,제동풀림 코크,2 ,bit0(0호차) ~ bit9(9호차),호차별 제동풀림 코크,,,,,,,,
256,PANPS1,1 ,bit0(2호차)  bit1(4호차)  bit3(8호차),호차별 PANPS1,,,,,,,,
257,PANPS2,1 ,bit0(2호차)  bit1(4호차)  bit3(8호차),호차별 PANPS2,,,,,,,,
258,예비,1 ,,,,,,,,,,
259,예비,1 ,,,,,,,,,,
260,MCB코크,1 ,bit0(2호차)  bit1(4호차)  bit3(8호차),호차별 MCB코크,,,,,,,,
261,0호차 객실 동작모드,1 ,bit0(정비) bit1(정지) bit2(자동) bit3(수동),호차별 객실 동작모드,,,,,,,,
262,1호차 객실 동작모드,1 ,bit0(정비) bit1(정지) bit2(자동) bit3(수동),호차별 객실 동작모드,,,,,,,,
263,2호차 객실 동작모드,1 ,bit0(정비) bit1(정지) bit2(자동) bit3(수동),호차별 객실 동작모드,,,,,,,,
264,3호차 객실 동작모드,1 ,bit0(정비) bit1(정지) bit2(자동) bit3(수동),호차별 객실 동작모드,,,,,,,,
265,4호차 객실 동작모드,1 ,bit0(정비) bit1(정지) bit2(자동) bit3(수동),호차별 객실 동작모드,,,,,,,,
266,5호차 객실 동작모드,1 ,bit0(정비) bit1(정지) bit2(자동) bit3(수동),호차별 객실 동작모드,,,,,,,,
267,6호차 객실 동작모드,1 ,bit0(정비) bit1(정지) bit2(자동) bit3(수동),호차별 객실 동작모드,,,,,,,,
268,7호차 객실 동작모드,1 ,bit0(정비) bit1(정지) bit2(자동) bit3(수동),호차별 객실 동작모드,,,,,,,,
269,8호차 객실 동작모드,1 ,bit0(정비) bit1(정지) bit2(자동) bit3(수동),호차별 객실 동작모드,,,,,,,,
270,9호차 객실 동작모드,1 ,bit0(정비) bit1(정지) bit2(자동) bit3(수동),호차별 객실 동작모드,,,,,,,,
271,0호차 운전실 동작모드,1 ,bit0(강풍) bit1(중풍) bit2(약풍) bit3(환기),호차별 운전실 동작모드,,,,,,,,
272,9호차 운전실 동작모드,1 ,bit0(강풍) bit1(중풍) bit2(약풍) bit3(환기),호차별 운전실 동작모드,,,,,,,,
273,중앙송풍기 ON,2 ,bit0(0호차) ~ bit9(9호차),호차별 중앙송풍기 ON,,,,,,,,
275,단부송풍기 ON,2 ,bit0(0호차) ~ bit9(9호차),호차별 단부송풍기 ON,,,,,,,,
277,0호차 냉난방장치,2 ,bit0(냉방기1반냉) bit1(냉방기2FAN) bit2(냉방기1FAN) bit3(냉방기 자동) bit5(3/3난방)  bit6(2/3난방) bit7(1/3난방) bit13(냉방기2 전냉) bit14(냉방기1 전냉) bit15(냉방기2 반냉),호차별 냉난방장치,,,,,,,,
279,1호차 냉난방장치,2 ,bit0(냉방기1반냉) bit1(냉방기2FAN) bit2(냉방기1FAN) bit3(냉방기 자동) bit5(3/3난방)  bit6(2/3난방) bit7(1/3난방) bit13(냉방기2 전냉) bit14(냉방기1 전냉) bit15(냉방기2 반냉),호차별 냉난방장치,,,,,,,,
281,2호차 냉난방장치,2 ,bit0(냉방기1반냉) bit1(냉방기2FAN) bit2(냉방기1FAN) bit3(냉방기 자동) bit5(3/3난방)  bit6(2/3난방) bit7(1/3난방) bit13(냉방기2 전냉) bit14(냉방기1 전냉) bit15(냉방기2 반냉),호차별 냉난방장치,,,,,,,,
283,3호차 냉난방장치,2 ,bit0(냉방기1반냉) bit1(냉방기2FAN) bit2(냉방기1FAN) bit3(냉방기 자동) bit5(3/3난방)  bit6(2/3난방) bit7(1/3난방) bit13(냉방기2 전냉) bit14(냉방기1 전냉) bit15(냉방기2 반냉),호차별 냉난방장치,,,,,,,,
285,4호차 냉난방장치,2 ,bit0(냉방기1반냉) bit1(냉방기2FAN) bit2(냉방기1FAN) bit3(냉방기 자동) bit5(3/3난방)  bit6(2/3난방) bit7(1/3난방) bit13(냉방기2 전냉) bit14(냉방기1 전냉) bit15(냉방기2 반냉),호차별 냉난방장치,,,,,,,,
287,5호차 냉난방장치,2 ,bit0(냉방기1반냉) bit1(냉방기2FAN) bit2(냉방기1FAN) bit3(냉방기 자동) bit5(3/3난방)  bit6(2/3난방) bit7(1/3난방) bit13(냉방기2 전냉) bit14(냉방기1 전냉) bit15(냉방기2 반냉),호차별 냉난방장치,,,,,,,,
289,6호차 냉난방장치,2 ,bit0(냉방기1반냉) bit1(냉방기2FAN) bit2(냉방기1FAN) bit3(냉방기 자동) bit5(3/3난방)  bit6(2/3난방) bit7(1/3난방) bit13(냉방기2 전냉) bit14(냉방기1 전냉) bit15(냉방기2 반냉),호차별 냉난방장치,,,,,,,,
291,7호차 냉난방장치,2 ,bit0(냉방기1반냉) bit1(냉방기2FAN) bit2(냉방기1FAN) bit3(냉방기 자동) bit5(3/3난방)  bit6(2/3난방) bit7(1/3난방) bit13(냉방기2 전냉) bit14(냉방기1 전냉) bit15(냉방기2 반냉),호차별 냉난방장치,,,,,,,,
293,8호차 냉난방장치,2 ,bit0(냉방기1반냉) bit1(냉방기2FAN) bit2(냉방기1FAN) bit3(냉방기 자동) bit5(3/3난방)  bit6(2/3난방) bit7(1/3난방) bit13(냉방기2 전냉) bit14(냉방기1 전냉) bit15(냉방기2 반냉),호차별 냉난방장치,,,,,,,,
295,9호차 냉난방장치,2 ,bit0(냉방기1반냉) bit1(냉방기2FAN) bit2(냉방기1FAN) bit3(냉방기 자동) bit5(3/3난방)  bit6(2/3난방) bit7(1/3난방) bit13(냉방기2 전냉) bit14(냉방기1 전냉) bit15(냉방기2 반냉),호차별 냉난방장치,,,,,,,,
297,0호차 실외 온도값,2 ,화면 출력 시 계산 필요(n/10),호차별 실외온도,,,,,,,,
299,9호차 실외 온도값,2 ,화면 출력 시 계산 필요(n/10),호차별 실외온도,,,,,,,,
301,0호차 설정 온도값,1 ,,호차별 설정 온도,,,,,,,,
302,1호차 설정 온도값,1 ,,호차별 설정 온도,,,,,,,,
303,2호차 설정 온도값,1 ,,호차별 설정 온도,,,,,,,,
304,3호차 설정 온도값,1 ,,호차별 설정 온도,,,,,,,,
305,4호차 설정 온도값,1 ,,호차별 설정 온도,,,,,,,,
306,5호차 설정 온도값,1 ,,호차별 설정 온도,,,,,,,,
307,6호차 설정 온도값,1 ,,호차별 설정 온도,,,,,,,,
308,7호차 설정 온도값,1 ,,호차별 설정 온도,,,,,,,,
309,8호차 설정 온도값,1 ,,호차별 설정 온도,,,,,,,,
310,9호차 설정 온도값,1 ,,호차별 설정 온도,,,,,,,,
311,0호차 공기청정도,1 ,0~15(이하): 좋음 16~35(이하): 보통 36~ : 나쁨,호차별 공기청정도,,,,,,,,
312,1호차 공기청정도,1 ,0~15(이하): 좋음 16~35(이하): 보통 36~ : 나쁨,호차별 공기청정도,,,,,,,,
313,2호차 공기청정도,1 ,0~15(이하): 좋음 16~35(이하): 보통 36~ : 나쁨,호차별 공기청정도,,,,,,,,
314,3호차 공기청정도,1 ,0~15(이하): 좋음 16~35(이하): 보통 36~ : 나쁨,호차별 공기청정도,,,,,,,,
315,4호차 공기청정도,1 ,0~15(이하): 좋음 16~35(이하): 보통 36~ : 나쁨,호차별 공기청정도,,,,,,,,
316,5호차 공기청정도,1 ,0~15(이하): 좋음 16~35(이하): 보통 36~ : 나쁨,호차별 공기청정도,,,,,,,,
317,6호차 공기청정도,1 ,0~15(이하): 좋음 16~35(이하): 보통 36~ : 나쁨,호차별 공기청정도,,,,,,,,
318,7호차 공기청정도,1 ,0~15(이하): 좋음 16~35(이하): 보통 36~ : 나쁨,호차별 공기청정도,,,,,,,,
319,8호차 공기청정도,1 ,0~15(이하): 좋음 16~35(이하): 보통 36~ : 나쁨,호차별 공기청정도,,,,,,,,
320,9호차 공기청정도,1 ,0~15(이하): 좋음 16~35(이하): 보통 36~ : 나쁨,호차별 공기청정도,,,,,,,,
321,0호차 공기청정기 객실 동작모드,1 ,bit0(강) bit1(중) bit2(약) bit3(자동) bit4(Off),호차별 객실 공기청정기 동작모드,,,,,,,,
322,1호차 공기청정기 객실 동작모드,1 ,bit0(강) bit1(중) bit2(약) bit3(자동) bit4(Off),호차별 객실 공기청정기 동작모드,,,,,,,,
323,2호차 공기청정기 객실 동작모드,1 ,bit0(강) bit1(중) bit2(약) bit3(자동) bit4(Off),호차별 객실 공기청정기 동작모드,,,,,,,,
324,3호차 공기청정기 객실 동작모드,1 ,bit0(강) bit1(중) bit2(약) bit3(자동) bit4(Off),호차별 객실 공기청정기 동작모드,,,,,,,,
325,4호차 공기청정기 객실 동작모드,1 ,bit0(강) bit1(중) bit2(약) bit3(자동) bit4(Off),호차별 객실 공기청정기 동작모드,,,,,,,,
326,5호차 공기청정기 객실 동작모드,1 ,bit0(강) bit1(중) bit2(약) bit3(자동) bit4(Off),호차별 객실 공기청정기 동작모드,,,,,,,,
327,6호차 공기청정기 객실 동작모드,1 ,bit0(강) bit1(중) bit2(약) bit3(자동) bit4(Off),호차별 객실 공기청정기 동작모드,,,,,,,,
328,7호차 공기청정기 객실 동작모드,1 ,bit0(강) bit1(중) bit2(약) bit3(자동) bit4(Off),호차별 객실 공기청정기 동작모드,,,,,,,,
329,8호차 공기청정기 객실 동작모드,1 ,bit0(강) bit1(중) bit2(약) bit3(자동) bit4(Off),호차별 객실 공기청정기 동작모드,,,,,,,,
330,9호차 공기청정기 객실 동작모드,1 ,bit0(강) bit1(중) bit2(약) bit3(자동) bit4(Off),호차별 객실 공기청정기 동작모드,,,,,,,,
331,0호차 공기청정기 운전실 동작모드,1 ,bit0(강) bit1(중) bit2(약) bit4(Off),호차별 운전실 공기청정기 동작모드,,,,,,,,
332,9호차 공기청정기 운전실 동작모드,1 ,bit0(강) bit1(중) bit2(약) bit4(Off),호차별 운전실 공기청정기 동작모드,,,,,,,,
333,객실등 AC1 ON,2 ,bit0(0호차) ~ bit9(9호차),호차별 객실등 AC1,,,,,,,,
335,객실등 AC2 ON,2 ,bit0(0호차) ~ bit9(9호차),호차별 객실등 AC21,,,,,,,,
337,객실등 DC ON,2 ,bit0(0호차) ~ bit9(9호차),호차별 객실등 DC,,,,,,,,
339,2호차 MCB 투입횟수,4 ,,호차별 MCB 투입횟수,,,,,,,,
343,4호차 MCB 투입횟수,4 ,,호차별 MCB 투입횟수,,,,,,,,
347,8호차 MCB 투입횟수,4 ,,호차별 MCB 투입횟수,,,,,,,,
351,예비,1 ,,,,,,,,,,
352,0호차 LIU 1계,1 ,bit0(정상) bit1(고장) bit2(통신이상),호차별 LIU계,,,,,,,,
353,0호차 LIU 2계,1 ,bit0(정상) bit1(고장) bit2(통신이상),호차별 LIU계,,,,,,,,
354,0호차 ESW1,1 ,bit0(정상) bit1(고장) bit2(통신이상),호차별 ESW,,,,,,,,
355,0호차 ESW2,1 ,bit0(정상) bit1(고장) bit2(통신이상),호차별 ESW,,,,,,,,
356,0호차 VDU,1 ,bit0(정상) bit1(고장) bit2(통신이상),호차별 VDU,,,,,,,,
357,0호차 TDR,1 ,bit0(정상) bit1(고장) bit2(통신이상),호차별 TDR,,,,,,,,
358,0호차 PAC,1 ,bit0(정상) bit1(고장) bit2(통신이상),호차별 PAC,,,,,,,,
359,0호차 PIC,1 ,bit0(정상) bit1(고장) bit2(통신이상),호차별 PIC,,,,,,,,
360,0호차 CCTV,1 ,bit0(정상) bit1(고장) bit2(통신이상),호차별 CCTV,,,,,,,,
361,0호차 ECU,1 ,bit0(정상) bit1(고장) bit2(통신이상),호차별 ECU,,,,,,,,
362,0호차 HVAC,1 ,bit0(정상) bit1(고장) bit2(통신이상),호차별 HVAC,,,,,,,,
363,0호차 BMS,1 ,bit0(정상) bit1(고장) bit2(통신이상),호차별 BMS,,,,,,,,
364,0호차 SIV,1 ,bit0(정상) bit1(고장) bit2(통신이상),호차별 SIV,,,,,,,,
365,0호차 FDU,1 ,bit0(정상) bit1(고장) bit2(통신이상) bit4(화재),호차별 FDU,,,,,,,,
366,0호차 ATC1 1계,1 ,bit0(정상) bit1(고장) bit2(통신이상) bit3(OFF),호차별 ATC계,,,,,,,,
367,0호차 ATC2 2계,1 ,bit0(정상) bit1(고장) bit2(통신이상) bit3(OFF),호차별 ATC계,,,,,,,,
368,0호차 CMSB,1 ,bit0(정상) bit1(고장) bit2(통신이상) bit4(BYPASS),호차별 CMSB,,,,,,,,
369,0호차 ADS,1 ,bit0(정상) bit1(고장) bit2(통신이상),호차별 ADS,,,,,,,,
370,0호차 IMB,1 ,bit0(정상) bit1(고장) bit2(통신이상),호차별 IMB,,,,,,,,
371,0호차 EPD,1 ,bit0(정상) bit1(고장) bit2(통신이상),호차별 EPD,,,,,,,,
372,0호차 TRS,1 ,bit0(정상) bit1(고장) bit2(통신이상),호차별 TRS,,,,,,,,
373,0호차 ENC,1 ,bit0(정상) bit1(고장) bit2(통신이상) bit3(OFF) bit4(2계 동작),호차별 ENC,,,,,,,,
374,0호차 DCU L1,1 ,bit0(정상) bit1(고장) bit2(통신이상),호차별 DCU,,,,,,,,
375,0호차 DCU L2,1 ,bit0(정상) bit1(고장) bit2(통신이상),호차별 DCU,,,,,,,,
376,0호차 DCU L3,1 ,bit0(정상) bit1(고장) bit2(통신이상),호차별 DCU,,,,,,,,
377,0호차 DCU L4,1 ,bit0(정상) bit1(고장) bit2(통신이상),호차별 DCU,,,,,,,,
378,0호차 DCU R1,1 ,bit0(정상) bit1(고장) bit2(통신이상),호차별 DCU,,,,,,,,
379,0호차 DCU R2,1 ,bit0(정상) bit1(고장) bit2(통신이상),호차별 DCU,,,,,,,,
380,0호차 DCU R3,1 ,bit0(정상) bit1(고장) bit2(통신이상),호차별 DCU,,,,,,,,
381,0호차 DCU R4,1 ,bit0(정상) bit1(고장) bit2(통신이상),호차별 DCU,,,,,,,,
382,예비,1 ,,호차별 예비,,,,,,,,
383,1호차 ESW1,1 ,bit0(정상) bit1(고장) bit2(통신이상),호차별 ESW,,,,,,,,
384,1호차 ESW2,1 ,bit0(정상) bit1(고장) bit2(통신이상),호차별 ESW,,,,,,,,
385,1호차 CC,1 ,bit0(정상) bit1(고장) bit2(통신이상),호차별 CC,,,,,,,,
386,1호차 ECU,1 ,bit0(정상) bit1(고장) bit2(통신이상),호차별 ECU,,,,,,,,
387,1호차 HVAC,1 ,bit0(정상) bit1(고장) bit2(통신이상),호차별 HVAC,,,,,,,,
388,1호차 C/I,1 ,bit0(정상) bit1(고장) bit2(통신이상),호차별 C/I,,,,,,,,
389,1호차 EPD,1 ,bit0(정상) bit1(고장) bit2(통신이상),호차별 EPD,,,,,,,,
390,1호차 DCU L1,1 ,bit0(정상) bit1(고장) bit2(통신이상),호차별 DCU,,,,,,,,
391,1호차 DCU L2,1 ,bit0(정상) bit1(고장) bit2(통신이상),호차별 DCU,,,,,,,,
392,1호차 DCU L3,1 ,bit0(정상) bit1(고장) bit2(통신이상),호차별 DCU,,,,,,,,
393,1호차 DCU L4,1 ,bit0(정상) bit1(고장) bit2(통신이상),호차별 DCU,,,,,,,,
394,1호차 DCU R1,1 ,bit0(정상) bit1(고장) bit2(통신이상),호차별 DCU,,,,,,,,
395,1호차 DCU R2,1 ,bit0(정상) bit1(고장) bit2(통신이상),호차별 DCU,,,,,,,,
396,1호차 DCU R3,1 ,bit0(정상) bit1(고장) bit2(통신이상),호차별 DCU,,,,,,,,
397,1호차 DCU R4,1 ,bit0(정상) bit1(고장) bit2(통신이상),호차별 DCU,,,,,,,,
398,예비,1 ,,,,,,,,,,
399,2호차 ESW1,1 ,bit0(정상) bit1(고장) bit2(통신이상),호차별 ESW,,,,,,,,
400,2호차 ESW2,1 ,bit0(정상) bit1(고장) bit2(통신이상),호차별 ESW,,,,,,,,
401,2호차 CC,1 ,bit0(정상) bit1(고장) bit2(통신이상),호차별 CC,,,,,,,,
402,2호차 ECU,1 ,bit0(정상) bit1(고장) bit2(통신이상),호차별 ECU,,,,,,,,
403,2호차 HVAC,1 ,bit0(정상) bit1(고장) bit2(통신이상),호차별 HVAC,,,,,,,,
404,2호차 C/I,1 ,bit0(정상) bit1(고장) bit2(통신이상),호차별 C/I,,,,,,,,
405,2호차 EPD,1 ,bit0(정상) bit1(고장) bit2(통신이상),호차별 EPD,,,,,,,,
406,2호차 모진보호장치,1 ,bit0(정상) bit1(고장) bit2(통신이상) bit4(모진보호 장치 동작),호차별 모진보호장치,,,,,,,,
407,2호차 DCU L1,1 ,bit0(정상) bit1(고장) bit2(통신이상),호차별 DCU,,,,,,,,
408,2호차 DCU L2,1 ,bit0(정상) bit1(고장) bit2(통신이상),호차별 DCU,,,,,,,,
409,2호차 DCU L3,1 ,bit0(정상) bit1(고장) bit2(통신이상),호차별 DCU,,,,,,,,
410,2호차 DCU L4,1 ,bit0(정상) bit1(고장) bit2(통신이상),호차별 DCU,,,,,,,,
411,2호차 DCU R1,1 ,bit0(정상) bit1(고장) bit2(통신이상),호차별 DCU,,,,,,,,
412,2호차 DCU R2,1 ,bit0(정상) bit1(고장) bit2(통신이상),호차별 DCU,,,,,,,,
413,2호차 DCU R3,1 ,bit0(정상) bit1(고장) bit2(통신이상),호차별 DCU,,,,,,,,
414,2호차 DCU R4,1 ,bit0(정상) bit1(고장) bit2(통신이상),호차별 DCU,,,,,,,,
415,2호차 EDCU,1 ,bit0(정상) bit1(고장) bit2(통신이상),호차별 EDCU,,,,,,,,
416,예비,1 ,,,,,,,,,,
417,3호차 ESW1,1 ,bit0(정상) bit1(고장) bit2(통신이상),호차별 ESW,,,,,,,,
418,3호차 ESW2,1 ,bit0(정상) bit1(고장) bit2(통신이상),호차별 ESW,,,,,,,,
419,3호차 CC,1 ,bit0(정상) bit1(고장) bit2(통신이상),호차별 CC,,,,,,,,
420,3호차 ECU,1 ,bit0(정상) bit1(고장) bit2(통신이상),호차별 ECU,,,,,,,,
421,3호차 HVAC,1 ,bit0(정상) bit1(고장) bit2(통신이상),호차별 HVAC,,,,,,,,
422,3호차 EPD,1 ,bit0(정상) bit1(고장) bit2(통신이상),호차별 EPD,,,,,,,,
423,3호차 DCU L1,1 ,bit0(정상) bit1(고장) bit2(통신이상),호차별 DCU,,,,,,,,
424,3호차 DCU L2,1 ,bit0(정상) bit1(고장) bit2(통신이상),호차별 DCU,,,,,,,,
425,3호차 DCU L3,1 ,bit0(정상) bit1(고장) bit2(통신이상),호차별 DCU,,,,,,,,
426,3호차 DCU L4,1 ,bit0(정상) bit1(고장) bit2(통신이상),호차별 DCU,,,,,,,,
427,3호차 DCU R1,1 ,bit0(정상) bit1(고장) bit2(통신이상),호차별 DCU,,,,,,,,
428,3호차 DCU R2,1 ,bit0(정상) bit1(고장) bit2(통신이상),호차별 DCU,,,,,,,,
429,3호차 DCU R3,1 ,bit0(정상) bit1(고장) bit2(통신이상),호차별 DCU,,,,,,,,
430,3호차 DCU R4,1 ,bit0(정상) bit1(고장) bit2(통신이상),호차별 DCU,,,,,,,,
431,3호차 ESK,1 ,bit0(연장급전 미투입) bit1(연장급전),호차별 ESK,,,,,,,,
432,4호차 ESW1,1 ,bit0(정상) bit1(고장) bit2(통신이상),호차별 ESW,,,,,,,,
433,4호차 ESW2,1 ,bit0(정상) bit1(고장) bit2(통신이상),호차별 ESW,,,,,,,,
434,4호차 CC,1 ,bit0(정상) bit1(고장) bit2(통신이상),호차별 CC,,,,,,,,
435,4호차 ECU,1 ,bit0(정상) bit1(고장) bit2(통신이상),호차별 ECU,,,,,,,,
436,4호차 HVAC,1 ,bit0(정상) bit1(고장) bit2(통신이상),호차별 HVAC,,,,,,,,
437,4호차 C/I,1 ,bit0(정상) bit1(고장) bit2(통신이상),호차별 C/I,,,,,,,,
438,4호차 EPD,1 ,bit0(정상) bit1(고장) bit2(통신이상),호차별 EPD,,,,,,,,
439,4호차 모진보호장치,1 ,bit0(정상) bit1(고장) bit2(통신이상) bit4(모진보호 장치 동작),호차별 모진보호장치,,,,,,,,
440,4호차 DCU L1,1 ,bit0(정상) bit1(고장) bit2(통신이상),호차별 DCU,,,,,,,,
441,4호차 DCU L2,1 ,bit0(정상) bit1(고장) bit2(통신이상),호차별 DCU,,,,,,,,
442,4호차 DCU L3,1 ,bit0(정상) bit1(고장) bit2(통신이상),호차별 DCU,,,,,,,,
443,4호차 DCU L4,1 ,bit0(정상) bit1(고장) bit2(통신이상),호차별 DCU,,,,,,,,
444,4호차 DCU R1,1 ,bit0(정상) bit1(고장) bit2(통신이상),호차별 DCU,,,,,,,,
445,4호차 DCU R2,1 ,bit0(정상) bit1(고장) bit2(통신이상),호차별 DCU,,,,,,,,
446,4호차 DCU R3,1 ,bit0(정상) bit1(고장) bit2(통신이상),호차별 DCU,,,,,,,,
447,4호차 DCU R4,1 ,bit0(정상) bit1(고장) bit2(통신이상),호차별 DCU,,,,,,,,
448,4호차 EDCU,1 ,bit0(정상) bit1(고장) bit2(통신이상),호차별 EDCU,,,,,,,,
449,예비,1 ,,,,,,,,,,
450,5호차 ESW1,1 ,bit0(정상) bit1(고장) bit2(통신이상),호차별 ESW,,,,,,,,
451,5호차 ESW2,1 ,bit0(정상) bit1(고장) bit2(통신이상),호차별 ESW,,,,,,,,
452,5호차 CC,1 ,bit0(정상) bit1(고장) bit2(통신이상),호차별 CC,,,,,,,,
453,5호차 ECU,1 ,bit0(정상) bit1(고장) bit2(통신이상),호차별 ECU,,,,,,,,
454,5호차 HVAC,1 ,bit0(정상) bit1(고장) bit2(통신이상),호차별 HVAC,,,,,,,,
455,5호차 BMS,1 ,bit0(정상) bit1(고장) bit2(통신이상),호차별 BMS,,,,,,,,
456,5호차 SIV,1 ,bit0(정상) bit1(고장) bit2(통신이상),호차별 SIV,,,,,,,,
457,5호차 CMSB,1 ,bit0(정상) bit1(고장) bit2(통신이상) bit4(BYPASS),호차별 CMSB,,,,,,,,
458,5호차 EPD,1 ,bit0(정상) bit1(고장) bit2(통신이상),호차별 EPD,,,,,,,,
459,5호차 DCU L1,1 ,bit0(정상) bit1(고장) bit2(통신이상),호차별 DCU,,,,,,,,
460,5호차 DCU L2,1 ,bit0(정상) bit1(고장) bit2(통신이상),호차별 DCU,,,,,,,,
461,5호차 DCU L3,1 ,bit0(정상) bit1(고장) bit2(통신이상),호차별 DCU,,,,,,,,
462,5호차 DCU L4,1 ,bit0(정상) bit1(고장) bit2(통신이상),호차별 DCU,,,,,,,,
463,5호차 DCU R1,1 ,bit0(정상) bit1(고장) bit2(통신이상),호차별 DCU,,,,,,,,
464,5호차 DCU R2,1 ,bit0(정상) bit1(고장) bit2(통신이상),호차별 DCU,,,,,,,,
465,5호차 DCU R3,1 ,bit0(정상) bit1(고장) bit2(통신이상),호차별 DCU,,,,,,,,
466,5호차 DCU R4,1 ,bit0(정상) bit1(고장) bit2(통신이상),호차별 DCU,,,,,,,,
467,예비,1 ,,호차별 예비,,,,,,,,
468,6호차 ESW1,1 ,bit0(정상) bit1(고장) bit2(통신이상),호차별 ESW,,,,,,,,
469,6호차 ESW2,1 ,bit0(정상) bit1(고장) bit2(통신이상),호차별 ESW,,,,,,,,
470,6호차 CC,1 ,bit0(정상) bit1(고장) bit2(통신이상),호차별 CC,,,,,,,,
471,6호차 ECU,1 ,bit0(정상) bit1(고장) bit2(통신이상),호차별 ECU,,,,,,,,
472,6호차 HVAC,1 ,bit0(정상) bit1(고장) bit2(통신이상),호차별 HVAC,,,,,,,,
473,6호차 EPD,1 ,bit0(정상) bit1(고장) bit2(통신이상),호차별 EPD,,,,,,,,
474,6호차 DCU L1,1 ,bit0(정상) bit1(고장) bit2(통신이상),호차별 DCU,,,,,,,,
475,6호차 DCU L2,1 ,bit0(정상) bit1(고장) bit2(통신이상),호차별 DCU,,,,,,,,
476,6호차 DCU L3,1 ,bit0(정상) bit1(고장) bit2(통신이상),호차별 DCU,,,,,,,,
477,6호차 DCU L4,1 ,bit0(정상) bit1(고장) bit2(통신이상),호차별 DCU,,,,,,,,
478,6호차 DCU R1,1 ,bit0(정상) bit1(고장) bit2(통신이상),호차별 DCU,,,,,,,,
479,6호차 DCU R2,1 ,bit0(정상) bit1(고장) bit2(통신이상),호차별 DCU,,,,,,,,
480,6호차 DCU R3,1 ,bit0(정상) bit1(고장) bit2(통신이상),호차별 DCU,,,,,,,,
481,6호차 DCU R4,1 ,bit0(정상) bit1(고장) bit2(통신이상),호차별 DCU,,,,,,,,
482,6호차 EDCU,1 ,bit0(정상) bit1(고장) bit2(통신이상),호차별 EDCU,,,,,,,,
483,6호차 ESK,1 ,bit0(연장급전 미투입) bit1(연장급전),호차별 ESK,,,,,,,,
484,7호차 ESW1,1 ,bit0(정상) bit1(고장) bit2(통신이상),호차별 ESW,,,,,,,,
485,7호차 ESW2,1 ,bit0(정상) bit1(고장) bit2(통신이상),호차별 ESW,,,,,,,,
486,7호차 CC,1 ,bit0(정상) bit1(고장) bit2(통신이상),호차별 CC,,,,,,,,
487,7호차 ECU,1 ,bit0(정상) bit1(고장) bit2(통신이상),호차별 ECU,,,,,,,,
488,7호차 HVAC,1 ,bit0(정상) bit1(고장) bit2(통신이상),호차별 HVAC,,,,,,,,
489,7호차 C/I,1 ,bit0(정상) bit1(고장) bit2(통신이상),호차별 C/I,,,,,,,,
490,7호차 EPD,1 ,bit0(정상) bit1(고장) bit2(통신이상),호차별 EPD,,,,,,,,
491,7호차 DCU L1,1 ,bit0(정상) bit1(고장) bit2(통신이상),호차별 DCU,,,,,,,,
492,7호차 DCU L2,1 ,bit0(정상) bit1(고장) bit2(통신이상),호차별 DCU,,,,,,,,
493,7호차 DCU L3,1 ,bit0(정상) bit1(고장) bit2(통신이상),호차별 DCU,,,,,,,,
494,7호차 DCU L4,1 ,bit0(정상) bit1(고장) bit2(통신이상),호차별 DCU,,,,,,,,
495,7호차 DCU R1,1 ,bit0(정상) bit1(고장) bit2(통신이상),호차별 DCU,,,,,,,,
496,7호차 DCU R2,1 ,bit0(정상) bit1(고장) bit2(통신이상),호차별 DCU,,,,,,,,
497,7호차 DCU R3,1 ,bit0(정상) bit1(고장) bit2(통신이상),호차별 DCU,,,,,,,,
498,7호차 DCU R4,1 ,bit0(정상) bit1(고장) bit2(통신이상),호차별 DCU,,,,,,,,
499,예비,1 ,,호차별 예비,,,,,,,,
500,8호차 ESW1,1 ,bit0(정상) bit1(고장) bit2(통신이상),호차별 ESW,,,,,,,,
501,8호차 ESW2,1 ,bit0(정상) bit1(고장) bit2(통신이상),호차별 ESW,,,,,,,,
502,8호차 CC,1 ,bit0(정상) bit1(고장) bit2(통신이상),호차별 CC,,,,,,,,
503,8호차 ECU,1 ,bit0(정상) bit1(고장) bit2(통신이상),호차별 ECU,,,,,,,,
504,8호차 HVAC,1 ,bit0(정상) bit1(고장) bit2(통신이상),호차별 HVAC,,,,,,,,
505,8호차 C/I,1 ,bit0(정상) bit1(고장) bit2(통신이상),호차별 C/I,,,,,,,,
506,8호차 EPD,1 ,bit0(정상) bit1(고장) bit2(통신이상),호차별 EPD,,,,,,,,
507,8호차 모진보호장치,1 ,bit0(정상) bit1(고장) bit2(통신이상) bit4(모진보호 장치 동작),호차별 모진보호장치,,,,,,,,
508,8호차 DCU L1,1 ,bit0(정상) bit1(고장) bit2(통신이상),호차별 DCU,,,,,,,,
509,8호차 DCU L2,1 ,bit0(정상) bit1(고장) bit2(통신이상),호차별 DCU,,,,,,,,
510,8호차 DCU L3,1 ,bit0(정상) bit1(고장) bit2(통신이상),호차별 DCU,,,,,,,,
511,8호차 DCU L4,1 ,bit0(정상) bit1(고장) bit2(통신이상),호차별 DCU,,,,,,,,
512,8호차 DCU R1,1 ,bit0(정상) bit1(고장) bit2(통신이상),호차별 DCU,,,,,,,,
513,8호차 DCU R2,1 ,bit0(정상) bit1(고장) bit2(통신이상),호차별 DCU,,,,,,,,
514,8호차 DCU R3,1 ,bit0(정상) bit1(고장) bit2(통신이상),호차별 DCU,,,,,,,,
515,8호차 DCU R4,1 ,bit0(정상) bit1(고장) bit2(통신이상),호차별 DCU,,,,,,,,
516,예비,1 ,,호차별 예비,,,,,,,,
517,9호차 LIU 1계,1 ,bit0(정상) bit1(고장) bit2(통신이상),호차별 LIU계,,,,,,,,
518,9호차 LIU 2계,1 ,bit0(정상) bit1(고장) bit2(통신이상),호차별 LIU계,,,,,,,,
519,9호차 ESW1,1 ,bit0(정상) bit1(고장) bit2(통신이상),호차별 ESW,,,,,,,,
520,9호차 ESW2,1 ,bit0(정상) bit1(고장) bit2(통신이상),호차별 ESW,,,,,,,,
521,9호차 VDU,1 ,bit0(정상) bit1(고장) bit2(통신이상),호차별 VDU,,,,,,,,
522,9호차 TDR,1 ,bit0(정상) bit1(고장) bit2(통신이상),호차별 TDR,,,,,,,,
523,9호차 PAC,1 ,bit0(정상) bit1(고장) bit2(통신이상),호차별 PAC,,,,,,,,
524,9호차 PIC,1 ,bit0(정상) bit1(고장) bit2(통신이상),호차별 PIC,,,,,,,,
525,9호차 CCTV,1 ,bit0(정상) bit1(고장) bit2(통신이상),호차별 CCTV,,,,,,,,
526,9호차 ECU,1 ,bit0(정상) bit1(고장) bit2(통신이상),호차별 ECU,,,,,,,,
527,9호차 HVAC,1 ,bit0(정상) bit1(고장) bit2(통신이상),호차별 HVAC,,,,,,,,
528,9호차 BMS,1 ,bit0(정상) bit1(고장) bit2(통신이상),호차별 BMS,,,,,,,,
529,9호차 SIV,1 ,bit0(정상) bit1(고장) bit2(통신이상),호차별 SIV,,,,,,,,
530,9호차 FDU,1 ,bit0(정상) bit1(고장) bit2(통신이상) bit4(화재),호차별 FDU,,,,,,,,
531,9호차 ATC1 1계,1 ,bit0(정상) bit1(고장) bit2(통신이상) bit3(OFF),호차별 ATC계,,,,,,,,
532,9호차 ATC2 2계,1 ,bit0(정상) bit1(고장) bit2(통신이상) bit3(OFF),호차별 ATC계,,,,,,,,
533,9호차 CMSB,1 ,bit0(정상) bit1(고장) bit2(통신이상) bit4(BYPASS),호차별 CMSB,,,,,,,,
534,9호차 ADS,1 ,bit0(정상) bit1(고장) bit2(통신이상),호차별 ADS,,,,,,,,
535,9호차 IMB,1 ,bit0(정상) bit1(고장) bit2(통신이상),호차별 IMB,,,,,,,,
536,9호차 EPD,1 ,bit0(정상) bit1(고장) bit2(통신이상),호차별 EPD,,,,,,,,
537,9호차 TRS,1 ,bit0(정상) bit1(고장) bit2(통신이상),호차별 TRS,,,,,,,,
538,9호차 ENC,1 ,bit0(정상) bit1(고장) bit2(통신이상) bit3(OFF) bit4(2계 동작),호차별 ENC,,,,,,,,
539,9호차 DCU L1,1 ,bit0(정상) bit1(고장) bit2(통신이상),호차별 DCU,,,,,,,,
540,9호차 DCU L2,1 ,bit0(정상) bit1(고장) bit2(통신이상),호차별 DCU,,,,,,,,
541,9호차 DCU L3,1 ,bit0(정상) bit1(고장) bit2(통신이상),호차별 DCU,,,,,,,,
542,9호차 DCU L4,1 ,bit0(정상) bit1(고장) bit2(통신이상),호차별 DCU,,,,,,,,
543,9호차 DCU R1,1 ,bit0(정상) bit1(고장) bit2(통신이상),호차별 DCU,,,,,,,,
544,9호차 DCU R2,1 ,bit0(정상) bit1(고장) bit2(통신이상),호차별 DCU,,,,,,,,
545,9호차 DCU R3,1 ,bit0(정상) bit1(고장) bit2(통신이상),호차별 DCU,,,,,,,,
546,9호차 DCU R4,1 ,bit0(정상) bit1(고장) bit2(통신이상),호차별 DCU,,,,,,,,
547,예비,1 ,,,,,,,,,,
548,예비,1 ,,,,,,,,,,
549,예비,1 ,,,,,,,,,,
550,예비,1 ,,,,,,,,,,
551,예비,1 ,,,,,,,,,,
552,예비,1 ,,,,,,,,,,
553,예비,1 ,,,,,,,,,,
554,예비,1 ,,,,,,,,,,
555,예비,1 ,,,,,,,,,,
556,예비,1 ,,,,,,,,,,
557,예비,1 ,,,,,,,,,,
558,예비,1 ,,,,,,,,,,
559,예비,1 ,,,,,,,,,,
560,예비,1 ,,,,,,,,,,
561,예비,1 ,,,,,,,,,,
562,예비,1 ,,,,,,,,,,
563,예비,1 ,,,,,,,,,,
564,예비,1 ,,,,,,,,,,
565,예비,1 ,,,,,,,,,,
566,예비,1 ,,,,,,,,,,
567,예비,1 ,,,,,,,,,,
